paperId,questionId,assetType,path,assemblySha256,repairedManifestSha256,repairedCurrentSha256,originalCurrentSha256,repairedManifestHashMatchesCurrent,assemblyBounds,repairedManifestBounds,repairedManifestPage,sourcePdf
0625-2021-m-12,0625-2021-m-12-q40,question,0625-2021-m-12/question/q40-16-1.webp,e95c2c4a4bc281839f5480ef9923bcad69ea978f9a41554e7e46d9457ddc51ed,d8ccff7eb5057d75f2f17c873e7a4f4cff215e1c744da751c9ae399df2f27d77,d8ccff7eb5057d75f2f17c873e7a4f4cff215e1c744da751c9ae399df2f27d77,aa8b6bb6313a9c36bc22e98e36864d6903e560b5d44b8c975ce82b5905664f9e,True,"[0.0,383.362,595.0,790.0]","[0.0,383.362,595.0,769.306]",16,"{""copyright_notice"":""© UCLES observed"",""pages"":16,""path"":""data/raw/0625-2021-m-12-question.pdf"",""sha256"":""6de30a1609520491acd971eb95a6884ce2470a0c2adc367e49d32378997a0aa4"",""source_url"":""https://bestexamhelp.com/exam/cambridge-igcse/physics-0625/2021/0625_m21_qp_12.pdf""}"
0625-2021-m-22,0625-2021-m-22-q40,question,0625-2021-m-22/question/q40-16-1.webp,c0bc7e72be3ac17243888405ea9dfba8ff55c5a3bdd06baeee03a2ddcf7c9448,4e0e90e478a3523c5f6bbda54062d72e4df8afc7410da8994e725c775adddbaf,4e0e90e478a3523c5f6bbda54062d72e4df8afc7410da8994e725c775adddbaf,78f4bb7cf65461235cfe2c68de5deb5788a17d09250a832ff420839f87ccfd3d,True,"[0.0,56.603,595.0,790.0]","[0.0,56.603,595.0,769.306]",16,"{""copyright_notice"":""© UCLES observed"",""pages"":16,""path"":""data/raw/0625-2021-m-22-question.pdf"",""sha256"":""40df12f312d7bd9cb986e8f21fb225c6b842eb0b4bc6a7d300205828a583ecbd"",""source_url"":""https://bestexamhelp.com/exam/cambridge-igcse/physics-0625/2021/0625_m21_qp_22.pdf""}"
0625-2021-s-11,0625-2021-s-11-q40,question,0625-2021-s-11/question/q40-16-1.webp,5ed6287d13c41915f47817bb587ad067207c06617b547bef1abaaf9aa1b1f6ae,3b32f06e3fdde73f846dea80f3fc3552ebd8e729399eb9821031f45b2b8efd5d,3b32f06e3fdde73f846dea80f3fc3552ebd8e729399eb9821031f45b2b8efd5d,53feab77a5ec96b9f571eb55970f6bf06ae407479a76e0d69dba89476307e0fa,True,"[0.0,350.482,595.0,790.0]","[0.0,350.482,595.0,769.606]",16,"{""copyright_notice"":""© UCLES observed"",""pages"":16,""path"":""data/raw/0625-2021-s-11-question.pdf"",""sha256"":""da9f6396743bbc24ef1117038cd075417cd567744c3e3bfc2b50cfd8690ad596"",""source_url"":""https://bestexamhelp.com/exam/cambridge-igcse/physics-0625/2021/0625_s21_qp_11.pdf""}"
0625-2021-s-12,0625-2021-s-12-q40,question,0625-2021-s-12/question/q40-20-1.webp,6d2893db99889745c56bb3ccfbc30cca69ee81a4584ccd025abf56be22f02837,1d2c58e87da7e4979475ad88fa2d1a11df2ba85e5fe602e2f0abe06d511c4744,1d2c58e87da7e4979475ad88fa2d1a11df2ba85e5fe602e2f0abe06d511c4744,a1caa228453036f021f5ca4e8f9583f210e4a8c62857a954f6c0fe5bd2908c1c,True,"[0.0,238.162,595.0,790.0]","[0.0,238.162,595.0,769.606]",20,"{""copyright_notice"":""© UCLES observed"",""pages"":20,""path"":""data/raw/0625-2021-s-12-question.pdf"",""sha256"":""007644bc2b9677c2636aaee9efeb4debda93d4c09efc55f22320425bbd52e663"",""source_url"":""https://bestexamhelp.com/exam/cambridge-igcse/physics-0625/2021/0625_s21_qp_12.pdf""}"
0625-2021-s-13,0625-2021-s-13-q40,question,0625-2021-s-13/question/q40-20-3.webp,bcb112c341bd31c60d887d4302f001bc49940c4ce96aa46a4e34ecd40e96a010,6c592312cd46e4f72eb14b2fbbaee5ddd2cb30cca59dc8cedde4d0e90a6c7f63,6c592312cd46e4f72eb14b2fbbaee5ddd2cb30cca59dc8cedde4d0e90a6c7f63,fbc3a1bd195dabfa19814ad884878a5bbf37cd24cc25b2f8ab3955fa8a7d0746,True,"[0.0,48.0,595.0,790.0]","[0.0,48.0,595.0,769.606]",20,"{""copyright_notice"":""© UCLES observed"",""pages"":20,""path"":""data/raw/0625-2021-s-13-question.pdf"",""sha256"":""c8dbd90f052aff69c887c42ab1a712df262f7dd597d078810f78d327f89299b0"",""source_url"":""https://bestexamhelp.com/exam/cambridge-igcse/physics-0625/2021/0625_s21_qp_13.pdf""}"
0625-2021-s-21,0625-2021-s-21-q40,question,0625-2021-s-21/question/q40-16-1.webp,140a4258e4e6145622871f2da102d845923b5043841826e71c3d6144a19c79aa,46576770d6ea165516bdc0afdd42484eec93a5ec5079e4af9369738a5253a5c9,46576770d6ea165516bdc0afdd42484eec93a5ec5079e4af9369738a5253a5c9,aa1bcf5b3a6481d976af9a748c3213e9d764b5c5801bd54d5969c538189a1c57,True,"[0.0,166.223,595.0,790.0]","[0.0,166.223,595.0,769.606]",16,"{""copyright_notice"":""© UCLES observed"",""pages"":16,""path"":""data/raw/0625-2021-s-21-question.pdf"",""sha256"":""ba10b9ab9ba373df1f718b832ba3a990e0998d5c0c4f8f03237cb73641ac83ba"",""source_url"":""https://bestexamhelp.com/exam/cambridge-igcse/physics-0625/2021/0625_s21_qp_21.pdf""}"
0625-2021-s-22,0625-2021-s-22-q40,question,0625-2021-s-22/question/q40-16-1.webp,648ade5b06ff4328f64b191ce3236f5531893cc2032c1b56249c7cbef59fb037,af557f9be4f46f8b435bbb26ae83f67579579110a25df676a625d16c75351733,af557f9be4f46f8b435bbb26ae83f67579579110a25df676a625d16c75351733,51a72fb15ee920a811ff74531e9f80847b3973f88d56bd4fa0e993005a28607a,True,"[0.0,374.902,595.0,790.0]","[0.0,374.902,595.0,769.606]",16,"{""copyright_notice"":""© UCLES observed"",""pages"":16,""path"":""data/raw/0625-2021-s-22-question.pdf"",""sha256"":""a43981f9318bdcb7e01bc86f862e0a72d257081c76262e51226ea5a9f4c26915"",""source_url"":""https://bestexamhelp.com/exam/cambridge-igcse/physics-0625/2021/0625_s21_qp_22.pdf""}"
0625-2021-s-23,0625-2021-s-23-q40,question,0625-2021-s-23/question/q40-20-3.webp,bcb112c341bd31c60d887d4302f001bc49940c4ce96aa46a4e34ecd40e96a010,6c592312cd46e4f72eb14b2fbbaee5ddd2cb30cca59dc8cedde4d0e90a6c7f63,6c592312cd46e4f72eb14b2fbbaee5ddd2cb30cca59dc8cedde4d0e90a6c7f63,108c3c6ccb839d20b6b17e4c91addf7545270e0d38f3479c4462fa068347da50,True,"[0.0,48.0,595.0,790.0]","[0.0,48.0,595.0,769.606]",20,"{""copyright_notice"":""© UCLES observed"",""pages"":20,""path"":""data/raw/0625-2021-s-23-question.pdf"",""sha256"":""e8eeb388a0986b7cf5c27f547cfd38d6b47793f11ca1df2176fbc40d509936ac"",""source_url"":""https://bestexamhelp.com/exam/cambridge-igcse/physics-0625/2021/0625_s21_qp_23.pdf""}"
0625-2021-w-11,0625-2021-w-11-q40,question,0625-2021-w-11/question/q40-20-4.webp,4d4edee29f0ff031c717b6ec8e6be8b207e28866c9e3b19717d35352bc18cad8,9d2211dbb2dcc8ca6b1205692bb36bca7eefba75c464937a01f180e588c2f356,9d2211dbb2dcc8ca6b1205692bb36bca7eefba75c464937a01f180e588c2f356,9452ac771039612a0d3441b89a192758f734b501655d6dda7390b909ea21415c,True,"[0.0,48.0,595.0,790.0]","[0.0,48.0,595.0,769.306]",20,"{""copyright_notice"":""© UCLES observed"",""pages"":20,""path"":""data/raw/0625-2021-w-11-question.pdf"",""sha256"":""06c867bb16f60e885688461a94e1bb4fce9ac9dafd2520b246860ddca168b30f"",""source_url"":""https://bestexamhelp.com/exam/cambridge-igcse/physics-0625/2021/0625_w21_qp_11.pdf""}"
0625-2021-w-12,0625-2021-w-12-q40,question,0625-2021-w-12/question/q40-16-2.webp,4d4edee29f0ff031c717b6ec8e6be8b207e28866c9e3b19717d35352bc18cad8,9d2211dbb2dcc8ca6b1205692bb36bca7eefba75c464937a01f180e588c2f356,9d2211dbb2dcc8ca6b1205692bb36bca7eefba75c464937a01f180e588c2f356,f7d51e1e41d29e30e183b10804e574e67bb265e70bb763b40015079ba65217ea,True,"[0.0,48.0,595.0,790.0]","[0.0,48.0,595.0,769.306]",16,"{""copyright_notice"":""© UCLES observed"",""pages"":16,""path"":""data/raw/0625-2021-w-12-question.pdf"",""sha256"":""55e76bce53131f5a5afff6a0985dbb7f67fbaf4996483df75741a2c9a73e9aa6"",""source_url"":""https://bestexamhelp.com/exam/cambridge-igcse/physics-0625/2021/0625_w21_qp_12.pdf""}"
0625-2021-w-13,0625-2021-w-13-q40,question,0625-2021-w-13/question/q40-16-1.webp,111a22ff5bc096f4b0fde529aaab1674755c0f3ee73566e0363a9e79ef3d11e6,91348ea7435889cb419ba79d6b4251074841e0bedc99bb3c5b888b8fbe3d68e4,91348ea7435889cb419ba79d6b4251074841e0bedc99bb3c5b888b8fbe3d68e4,ad1c0c4b0145fa8d1f9803173c9a8296f04d8b0078c4fdf87eb195cc314551e3,True,"[0.0,233.464,595.0,790.0]","[0.0,233.464,595.0,769.306]",16,"{""copyright_notice"":""© UCLES observed"",""pages"":16,""path"":""data/raw/0625-2021-w-13-question.pdf"",""sha256"":""86a64a176daf30f6851487da177fb9ada309ebc61f51ef642433124b98286cb1"",""source_url"":""https://bestexamhelp.com/exam/cambridge-igcse/physics-0625/2021/0625_w21_qp_13.pdf""}"
0625-2021-w-21,0625-2021-w-21-q40,question,0625-2021-w-21/question/q40-16-1.webp,6e2f75590ee9bd0c0ae3b956fd507038a9f24b4e676fa3622327f3ad65bb57cc,fad39c42308f120360996803e5b8d94c0b89c766874ee26c87fe959ba68c655e,fad39c42308f120360996803e5b8d94c0b89c766874ee26c87fe959ba68c655e,70ffdcc0e6b1a1311c2a19d4ce9ebc0c8e2c7528336520be9dc1c7389326754f,True,"[0.0,327.983,595.0,790.0]","[0.0,327.983,595.0,769.306]",16,"{""copyright_notice"":""© UCLES observed"",""pages"":16,""path"":""data/raw/0625-2021-w-21-question.pdf"",""sha256"":""9542606a9ba9c09b95736e4e913906453c079a46210e1a0b2db8ff4b94f203ae"",""source_url"":""https://bestexamhelp.com/exam/cambridge-igcse/physics-0625/2021/0625_w21_qp_21.pdf""}"
0625-2021-w-22,0625-2021-w-22-q40,question,0625-2021-w-22/question/q40-20-4.webp,4d4edee29f0ff031c717b6ec8e6be8b207e28866c9e3b19717d35352bc18cad8,9d2211dbb2dcc8ca6b1205692bb36bca7eefba75c464937a01f180e588c2f356,9d2211dbb2dcc8ca6b1205692bb36bca7eefba75c464937a01f180e588c2f356,a3814f7bdd28ba1b82c0dea4705cbf176a894fe2d719d23db096d06a381fca12,True,"[0.0,48.0,595.0,790.0]","[0.0,48.0,595.0,769.306]",20,"{""copyright_notice"":""© UCLES observed"",""pages"":20,""path"":""data/raw/0625-2021-w-22-question.pdf"",""sha256"":""ef6ea97396f340600f668798cffaf81fe2851b8bfadea43fe3987ede2dbdc9a1"",""source_url"":""https://bestexamhelp.com/exam/cambridge-igcse/physics-0625/2021/0625_w21_qp_22.pdf""}"
0625-2021-w-23,0625-2021-w-23-q40,question,0625-2021-w-23/question/q40-20-4.webp,4d4edee29f0ff031c717b6ec8e6be8b207e28866c9e3b19717d35352bc18cad8,9d2211dbb2dcc8ca6b1205692bb36bca7eefba75c464937a01f180e588c2f356,9d2211dbb2dcc8ca6b1205692bb36bca7eefba75c464937a01f180e588c2f356,8161ff79061da08fcd81604344d60e6095d63209c8367421e67ad74f22dd02de,True,"[0.0,48.0,595.0,790.0]","[0.0,48.0,595.0,769.306]",20,"{""copyright_notice"":""© UCLES observed"",""pages"":20,""path"":""data/raw/0625-2021-w-23-question.pdf"",""sha256"":""e838783210e5cf5bbd96ebe523303400d7eba8b4b4b5cd40c5ecc20dbb0a58fb"",""source_url"":""https://bestexamhelp.com/exam/cambridge-igcse/physics-0625/2021/0625_w21_qp_23.pdf""}"
0625-2022-m-12,0625-2022-m-12-q40,question,0625-2022-m-12/question/q40-20-4.webp,76ce3449cf48318b4a35ab53f22b10b00b1d0d5181fe4ab1389cc372265e662d,9d2211dbb2dcc8ca6b1205692bb36bca7eefba75c464937a01f180e588c2f356,9d2211dbb2dcc8ca6b1205692bb36bca7eefba75c464937a01f180e588c2f356,6f2372594b3ea54df531ebc2cb9161dd361d9a6c0aa0a3d3325beb237f81f6a4,True,"[0.0,48.0,595.0,790.0]","[0.0,48.0,595.0,769.306]",20,"{""copyright_notice"":""© UCLES observed"",""pages"":20,""path"":""data/raw/0625-2022-m-12-question.pdf"",""sha256"":""a60d7acea6316829b9193fbb115eb59cb518bc3640ad43880fa45673e2566fbf"",""source_url"":""https://bestexamhelp.com/exam/cambridge-igcse/physics-0625/2022/0625_m22_qp_12.pdf""}"
0625-2022-m-22,0625-2022-m-22-q40,question,0625-2022-m-22/question/q40-16-1.webp,f3a8dec7ca25f3983273cb3e87cc4ff8c99b0f068454d1e5e6ee9b17e7c4738b,22d6ec35c405a24a2257d9051a60f7c6cc58cf201033f73444d8ccde381c521f,22d6ec35c405a24a2257d9051a60f7c6cc58cf201033f73444d8ccde381c521f,276bb8304a617c8311660b0b595a4f2176ef3dcd756e89987e1d24fbb7c56ab7,True,"[0.0,56.603,595.0,790.0]","[0.0,56.603,595.0,770.506]",16,"{""copyright_notice"":""© UCLES observed"",""pages"":16,""path"":""data/raw/0625-2022-m-22-question.pdf"",""sha256"":""547b66e02421a7ef1b87eed502d1c1e0fc01052ed90f5210521068c9577ca7b1"",""source_url"":""https://bestexamhelp.com/exam/cambridge-igcse/physics-0625/2022/0625_m22_qp_22.pdf""}"
0625-2022-s-11,0625-2022-s-11-q40,question,0625-2022-s-11/question/q40-20-3.webp,76ce3449cf48318b4a35ab53f22b10b00b1d0d5181fe4ab1389cc372265e662d,9d2211dbb2dcc8ca6b1205692bb36bca7eefba75c464937a01f180e588c2f356,9d2211dbb2dcc8ca6b1205692bb36bca7eefba75c464937a01f180e588c2f356,c646e3816c29b8cbb6da0f2b56eb6d6b952ba447ecf7f0b1d1c9b3bcf03d2ae4,True,"[0.0,48.0,595.0,790.0]","[0.0,48.0,595.0,769.306]",20,"{""copyright_notice"":""© UCLES observed"",""pages"":20,""path"":""data/raw/0625-2022-s-11-question.pdf"",""sha256"":""f35f524a863ca31a5d33ecadab0cf5088279750e6cfe57a138446619d629e9b3"",""source_url"":""https://bestexamhelp.com/exam/cambridge-igcse/physics-0625/2022/0625_s22_qp_11.pdf""}"
0625-2022-s-12,0625-2022-s-12-q36,question,0625-2022-s-12/question/q36-15-1.webp,5b165e6f44b2a5781b156a1e417e6e00405bec9809ffb85d5b5faead93c754c6,8004992b2b8765c7c05e7cef5d1985a6d6951eec95810283e9e750b0f46cb78e,8004992b2b8765c7c05e7cef5d1985a6d6951eec95810283e9e750b0f46cb78e,0a4cb1c7a26e9a1e7583953d8f19b040721a0f9d95e95859013915c22f418f3b,True,"[0.0,360.022,595.0,790.0]","[0.0,360.022,595.0,765.886]",15,"{""copyright_notice"":""© UCLES observed"",""pages"":16,""path"":""data/raw/0625-2022-s-12-question.pdf"",""sha256"":""aa546724c5887f96807e1507a5afc5b8f97c5f206efef49bdb68dbd8a6080eb3"",""source_url"":""https://bestexamhelp.com/exam/cambridge-igcse/physics-0625/2022/0625_s22_qp_12.pdf""}"
0625-2022-s-13,0625-2022-s-13-q40,question,0625-2022-s-13/question/q40-20-4.webp,76ce3449cf48318b4a35ab53f22b10b00b1d0d5181fe4ab1389cc372265e662d,9d2211dbb2dcc8ca6b1205692bb36bca7eefba75c464937a01f180e588c2f356,9d2211dbb2dcc8ca6b1205692bb36bca7eefba75c464937a01f180e588c2f356,898e2fdaf5424c7dd45c33e926bd26355024de2fe4798496055880a5b46814b7,True,"[0.0,48.0,595.0,790.0]","[0.0,48.0,595.0,769.306]",20,"{""copyright_notice"":""© UCLES observed"",""pages"":20,""path"":""data/raw/0625-2022-s-13-question.pdf"",""sha256"":""7de4975f26fe01899afefa13aeaadbf80f8bdb27b346f31e3fd17559cade5d65"",""source_url"":""https://bestexamhelp.com/exam/cambridge-igcse/physics-0625/2022/0625_s22_qp_13.pdf""}"
0625-2022-s-21,0625-2022-s-21-q34,question,0625-2022-s-21/question/q34-14-1.webp,2009826a1ffb86d5c37d4b6a45c738da91e4e5fa2549b9e4c64c72919e2cba80,bdda9511ce69c35cc3f385caf72527377c1ebc6d1645ee3ade8f20ed69513101,bdda9511ce69c35cc3f385caf72527377c1ebc6d1645ee3ade8f20ed69513101,d630a071d14e12207cec07d6b28ea3af12f182bdfe484716ddf7a7516852e84b,True,"[0.0,389.123,595.0,790.0]","[0.0,389.123,595.0,769.306]",14,"{""copyright_notice"":""© UCLES observed"",""pages"":16,""path"":""data/raw/0625-2022-s-21-question.pdf"",""sha256"":""233363a48b9f4354d4a4c272795824879b46f7083f4f462b0372bf2690e1e58b"",""source_url"":""https://bestexamhelp.com/exam/cambridge-igcse/physics-0625/2022/0625_s22_qp_21.pdf""}"
0625-2022-s-22,0625-2022-s-22-q40,question,0625-2022-s-22/question/q40-20-3.webp,c31f7940531a429953bab350d2ce38c8a92a50ceca593834318234bcc0903f4f,4edcf5b258d76f3df30e95578175666bca246d9459bc36fef2f401fff1f97f5e,4edcf5b258d76f3df30e95578175666bca246d9459bc36fef2f401fff1f97f5e,0f97f3b619054d9f4822802d87861beeba03dc916d7e2567945c5efe8a6290bb,True,"[0.0,48.0,595.0,790.0]","[0.0,48.0,595.0,769.306]",20,"{""copyright_notice"":""© UCLES observed"",""pages"":20,""path"":""data/raw/0625-2022-s-22-question.pdf"",""sha256"":""cf04dfac5cdd34df3135e2ffb78cc25a874c4d2ab4cb6342486646bfef9ee8ed"",""source_url"":""https://bestexamhelp.com/exam/cambridge-igcse/physics-0625/2022/0625_s22_qp_22.pdf""}"
0625-2022-s-23,0625-2022-s-23-q40,question,0625-2022-s-23/question/q40-20-4.webp,c31f7940531a429953bab350d2ce38c8a92a50ceca593834318234bcc0903f4f,4edcf5b258d76f3df30e95578175666bca246d9459bc36fef2f401fff1f97f5e,4edcf5b258d76f3df30e95578175666bca246d9459bc36fef2f401fff1f97f5e,31e0210914a1136d2bbb81ed581f17f25dbdddbe73ab34b95b60139206911fa9,True,"[0.0,48.0,595.0,790.0]","[0.0,48.0,595.0,769.306]",20,"{""copyright_notice"":""© UCLES observed"",""pages"":20,""path"":""data/raw/0625-2022-s-23-question.pdf"",""sha256"":""57bfe9d1c1da959adafb24771aec64e80bf26561b70f06a1103817fcff122f4e"",""source_url"":""https://bestexamhelp.com/exam/cambridge-igcse/physics-0625/2022/0625_s22_qp_23.pdf""}"
0625-2022-w-11,0625-2022-w-11-q40,question,0625-2022-w-11/question/q40-16-1.webp,f821bcc8d564f0a655de7fd1901a89f4cd6a0c431dcabb5d936848ca39eeb747,351100fa6c9ebc90d6fdefc66f6d911501ccf8828581fbe460d46464b32d028e,351100fa6c9ebc90d6fdefc66f6d911501ccf8828581fbe460d46464b32d028e,bf2ca9388f985c664f99a5a72656e5b89f17ff0cbacafb3c3256020d7e97438b,True,"[0.0,368.183,595.0,790.0]","[0.0,368.183,595.0,770.506]",16,"{""copyright_notice"":""© UCLES observed"",""pages"":16,""path"":""data/raw/0625-2022-w-11-question.pdf"",""sha256"":""350b64c7a06a06b09a34d43b6f564ae979ddc57b9c839a4c49c12c0b23e38987"",""source_url"":""https://bestexamhelp.com/exam/cambridge-igcse/physics-0625/2022/0625_w22_qp_11.pdf""}"
0625-2022-w-12,0625-2022-w-12-q40,question,0625-2022-w-12/question/q40-20-3.webp,84c52575286f267ca49fc57df217caa59546b9cd63000a988e10461fe406f675,eecb3d0274aa77980dcc6d85927a5b4bcb79edbdc91c84008ee088067da26b74,eecb3d0274aa77980dcc6d85927a5b4bcb79edbdc91c84008ee088067da26b74,dd549f450bedf9e3922b489a88cde28e5a6177d617bb043e5a34aa6f782164a9,True,"[0.0,48.0,595.0,790.0]","[0.0,48.0,595.0,770.506]",20,"{""copyright_notice"":""© UCLES observed"",""pages"":20,""path"":""data/raw/0625-2022-w-12-question.pdf"",""sha256"":""7df7e11e26cf0e6bb4327c1dd7925d7a79fce49358bf91da5147543049db35de"",""source_url"":""https://bestexamhelp.com/exam/cambridge-igcse/physics-0625/2022/0625_w22_qp_12.pdf""}"
0625-2022-w-13,0625-2022-w-13-q40,question,0625-2022-w-13/question/q40-20-4.webp,76ce3449cf48318b4a35ab53f22b10b00b1d0d5181fe4ab1389cc372265e662d,9d2211dbb2dcc8ca6b1205692bb36bca7eefba75c464937a01f180e588c2f356,9d2211dbb2dcc8ca6b1205692bb36bca7eefba75c464937a01f180e588c2f356,ae6a28d6c89dc11f6c977e2b07ab4c4e3c644a1f1843fd5efedae6ea2513f5bb,True,"[0.0,48.0,595.0,790.0]","[0.0,48.0,595.0,769.306]",20,"{""copyright_notice"":""© UCLES observed"",""pages"":20,""path"":""data/raw/0625-2022-w-13-question.pdf"",""sha256"":""e3c49b0ca6d89bc5557ab8ca146dd6d069d3c48083ec64fcb960c45760e835c8"",""source_url"":""https://bestexamhelp.com/exam/cambridge-igcse/physics-0625/2022/0625_w22_qp_13.pdf""}"
0625-2022-w-21,0625-2022-w-21-q40,question,0625-2022-w-21/question/q40-16-1.webp,ef8b963963e011980dcf9ed959e8ee069c351ee4eccfd0489b5529e2d12cf192,a95ad91a72c7a7ea04890e51da9aa2c476948d29adabf332484e33137379b607,a95ad91a72c7a7ea04890e51da9aa2c476948d29adabf332484e33137379b607,149fe1c33852dfd4435b7702d28564ca80a57cf866e114a5aca957ddf31df374,True,"[0.0,367.925,595.0,790.0]","[0.0,367.925,595.0,770.506]",16,"{""copyright_notice"":""© UCLES observed"",""pages"":16,""path"":""data/raw/0625-2022-w-21-question.pdf"",""sha256"":""2a4671f6ee856903dc2b0ef0e2235eee12976b4d4d1073ad10d96fdeb48ae89b"",""source_url"":""https://bestexamhelp.com/exam/cambridge-igcse/physics-0625/2022/0625_w22_qp_21.pdf""}"
0625-2022-w-22,0625-2022-w-22-q40,question,0625-2022-w-22/question/q40-20-3.webp,76ce3449cf48318b4a35ab53f22b10b00b1d0d5181fe4ab1389cc372265e662d,9d2211dbb2dcc8ca6b1205692bb36bca7eefba75c464937a01f180e588c2f356,9d2211dbb2dcc8ca6b1205692bb36bca7eefba75c464937a01f180e588c2f356,5351907197dbc0a39b7311a2020308293c04af5909e614fd86804d75ce030635,True,"[0.0,48.0,595.0,790.0]","[0.0,48.0,595.0,769.306]",20,"{""copyright_notice"":""© UCLES observed"",""pages"":20,""path"":""data/raw/0625-2022-w-22-question.pdf"",""sha256"":""82ef5ed1dac2de25f1aebfeea7a689580908641a71bc2b0d2e2a5456b02fb586"",""source_url"":""https://bestexamhelp.com/exam/cambridge-igcse/physics-0625/2022/0625_w22_qp_22.pdf""}"
0625-2022-w-23,0625-2022-w-23-q40,question,0625-2022-w-23/question/q40-20-3.webp,76ce3449cf48318b4a35ab53f22b10b00b1d0d5181fe4ab1389cc372265e662d,9d2211dbb2dcc8ca6b1205692bb36bca7eefba75c464937a01f180e588c2f356,9d2211dbb2dcc8ca6b1205692bb36bca7eefba75c464937a01f180e588c2f356,a1c715b59a9b23a81531fb0bca774a4783adc7d43ca7a9fde63cf9ebcf57b830,True,"[0.0,48.0,595.0,790.0]","[0.0,48.0,595.0,769.306]",20,"{""copyright_notice"":""© UCLES observed"",""pages"":20,""path"":""data/raw/0625-2022-w-23-question.pdf"",""sha256"":""1143190fdba1ab5258331fea602ab4b7cd5f011f276af756f1fc399b4e36668d"",""source_url"":""https://bestexamhelp.com/exam/cambridge-igcse/physics-0625/2022/0625_w22_qp_23.pdf""}"
0625-2023-m-12,0625-2023-m-12-q40,question,0625-2023-m-12/question/q40-16-1.webp,73decaf7f54a5c265179578f8a5dbacc5da41f249acb73f030c124a036e442aa,ea2b8cb9168396dabce9d88b52d50489ddc803a9c82489857c6eae1a35c35e4a,ea2b8cb9168396dabce9d88b52d50489ddc803a9c82489857c6eae1a35c35e4a,81ff5f2891609b7edc5538b98d81c0e14f1848f88b6f5beff5991303ec78f88e,True,"[0.0,209.303,595.0,790.0]","[0.0,209.303,595.0,770.506]",16,"{""copyright_notice"":""© UCLES observed"",""pages"":16,""path"":""data/raw/0625-2023-m-12-question.pdf"",""sha256"":""94c4d6f334f0a39721a0ff9e4c3457cc55eacc3aae90d33b501780fa7d1bcd21"",""source_url"":""https://bestexamhelp.com/exam/cambridge-igcse/physics-0625/2023/0625_m23_qp_12.pdf""}"
0625-2023-m-22,0625-2023-m-22-q40,question,0625-2023-m-22/question/q40-16-3.webp,1be12dc9efaa7c1bbe59fd8a2aa1d555196e01981502b781a8199d07cb7ef72a,3b98090ecd25f7a7ddc124568bf9462c3f0054bd0eb70df3c05e4be66f010fe0,3b98090ecd25f7a7ddc124568bf9462c3f0054bd0eb70df3c05e4be66f010fe0,26e030ba3a43ed1aa1dfab249551e8ef658e3b283b9388925a0594d4dc5ef106,True,"[0.0,48.0,595.0,790.0]","[0.0,48.0,595.0,770.506]",16,"{""copyright_notice"":""© UCLES observed"",""pages"":16,""path"":""data/raw/0625-2023-m-22-question.pdf"",""sha256"":""856e0f3b8596f5705ee7e48e8f0264a0010350ccbf58d629c052fdbfd39dc088"",""source_url"":""https://bestexamhelp.com/exam/cambridge-igcse/physics-0625/2023/0625_m23_qp_22.pdf""}"
0625-2023-s-11,0625-2023-s-11-q40,question,0625-2023-s-11/question/q40-16-1.webp,a308ef9f21baa8f04c82ff8b29079ac2be9896efe40eafc46f95ec5c31d0eb4f,5ea2071547394abfde4726c575d2e790aa8f34e97fd6aadba91beb47ac9c9f8c,5ea2071547394abfde4726c575d2e790aa8f34e97fd6aadba91beb47ac9c9f8c,863697d196f3efbb04dc2145bb3cdbb3e0fe7e71d3e6f7ea1ea937ce3a908926,True,"[0.0,56.663,595.0,790.0]","[0.0,56.663,595.0,770.506]",16,"{""copyright_notice"":""© UCLES observed"",""pages"":16,""path"":""data/raw/0625-2023-s-11-question.pdf"",""sha256"":""877fab7d5636972661e473efcba10d6d3acb4053593e29408449a479950c5e60"",""source_url"":""https://bestexamhelp.com/exam/cambridge-igcse/physics-0625/2023/0625_s23_qp_11.pdf""}"
0625-2023-s-12,0625-2023-s-12-q40,question,0625-2023-s-12/question/q40-16-2.webp,c846ac799eacb8d1ee9747c4e1ef8bb7af429a01c2a21f5926e7433f2141e6fc,682f7db9acd43a16f0b00cdb9a6a81e13a0e990ad301cd93d32495db7c6ff35c,682f7db9acd43a16f0b00cdb9a6a81e13a0e990ad301cd93d32495db7c6ff35c,1e0b06522b7bb92ca9fb47cb7e3554000431817d2951b6c86c1e182bc712378d,True,"[0.0,48.0,595.0,790.0]","[0.0,48.0,595.0,770.506]",16,"{""copyright_notice"":""© UCLES observed"",""pages"":16,""path"":""data/raw/0625-2023-s-12-question.pdf"",""sha256"":""83863903052ba3b6b1b0e10962ce1dc8105f77fa558abe15f66fea49fbd2a1d0"",""source_url"":""https://bestexamhelp.com/exam/cambridge-igcse/physics-0625/2023/0625_s23_qp_12.pdf""}"
0625-2023-s-13,0625-2023-s-13-q40,question,0625-2023-s-13/question/q40-16-3.webp,c846ac799eacb8d1ee9747c4e1ef8bb7af429a01c2a21f5926e7433f2141e6fc,682f7db9acd43a16f0b00cdb9a6a81e13a0e990ad301cd93d32495db7c6ff35c,682f7db9acd43a16f0b00cdb9a6a81e13a0e990ad301cd93d32495db7c6ff35c,030bbfb802a6539c2fc0d3adca7f58c031b7981e5aefefcd2d21022111cc2b60,True,"[0.0,48.0,595.0,790.0]","[0.0,48.0,595.0,770.506]",16,"{""copyright_notice"":""© UCLES observed"",""pages"":16,""path"":""data/raw/0625-2023-s-13-question.pdf"",""sha256"":""8fe3943f854472d7ea4ecfd00d8bc70f604576d6d1009ed177c535cc06d39233"",""source_url"":""https://bestexamhelp.com/exam/cambridge-igcse/physics-0625/2023/0625_s23_qp_13.pdf""}"
0625-2023-s-21,0625-2023-s-21-q40,question,0625-2023-s-21/question/q40-16-2.webp,c846ac799eacb8d1ee9747c4e1ef8bb7af429a01c2a21f5926e7433f2141e6fc,682f7db9acd43a16f0b00cdb9a6a81e13a0e990ad301cd93d32495db7c6ff35c,682f7db9acd43a16f0b00cdb9a6a81e13a0e990ad301cd93d32495db7c6ff35c,004fa342ad0775b8073831a71aab068a8d3bac42cdbf20a3a635ca1a9ebe70ad,True,"[0.0,48.0,595.0,790.0]","[0.0,48.0,595.0,770.506]",16,"{""copyright_notice"":""© UCLES observed"",""pages"":16,""path"":""data/raw/0625-2023-s-21-question.pdf"",""sha256"":""06bebfe3b87d17466f8d7d4277c305684795abab255a1978c10ba933c9477470"",""source_url"":""https://bestexamhelp.com/exam/cambridge-igcse/physics-0625/2023/0625_s23_qp_21.pdf""}"
0625-2023-s-22,0625-2023-s-22-q40,question,0625-2023-s-22/question/q40-16-3.webp,c2ba1d6fa14d5acd563ab04695a3bc530485e1219c2a1fb47868536cd44cef07,4510f894dcfb2da6715e46b01fbc42808bf30b11113a77e98a3c0dbba0c9237f,4510f894dcfb2da6715e46b01fbc42808bf30b11113a77e98a3c0dbba0c9237f,926f70db3a9a47883311c596c1e9dd17e346841e03b67acaa451ca06e1b82b46,True,"[0.0,48.0,595.0,790.0]","[0.0,48.0,595.0,770.505]",16,"{""copyright_notice"":""© UCLES observed"",""pages"":16,""path"":""data/raw/0625-2023-s-22-question.pdf"",""sha256"":""1a0f67c0534df3b22cc81e49c6525cc3127ff963092f335b7d325ce8f707a340"",""source_url"":""https://bestexamhelp.com/exam/cambridge-igcse/physics-0625/2023/0625_s23_qp_22.pdf""}"
0625-2023-s-23,0625-2023-s-23-q40,question,0625-2023-s-23/question/q40-16-2.webp,c846ac799eacb8d1ee9747c4e1ef8bb7af429a01c2a21f5926e7433f2141e6fc,682f7db9acd43a16f0b00cdb9a6a81e13a0e990ad301cd93d32495db7c6ff35c,682f7db9acd43a16f0b00cdb9a6a81e13a0e990ad301cd93d32495db7c6ff35c,0086772778fa008a9bc392c5ebdb383a66d9c040215c4a48fae8d363c8009960,True,"[0.0,48.0,595.0,790.0]","[0.0,48.0,595.0,770.506]",16,"{""copyright_notice"":""© UCLES observed"",""pages"":16,""path"":""data/raw/0625-2023-s-23-question.pdf"",""sha256"":""e767221bff881c60810db30c791447da0c03bfea2a20907511fa281b9119203f"",""source_url"":""https://bestexamhelp.com/exam/cambridge-igcse/physics-0625/2023/0625_s23_qp_23.pdf""}"
0625-2023-w-11,0625-2023-w-11-q40,question,0625-2023-w-11/question/q40-16-2.webp,c846ac799eacb8d1ee9747c4e1ef8bb7af429a01c2a21f5926e7433f2141e6fc,682f7db9acd43a16f0b00cdb9a6a81e13a0e990ad301cd93d32495db7c6ff35c,682f7db9acd43a16f0b00cdb9a6a81e13a0e990ad301cd93d32495db7c6ff35c,650233717a4a241ed9cf006c5cd86a8658fc3f826cf0a723c8bc7d03f3bd7edd,True,"[0.0,48.0,595.0,790.0]","[0.0,48.0,595.0,770.506]",16,"{""copyright_notice"":""© UCLES observed"",""pages"":16,""path"":""data/raw/0625-2023-w-11-question.pdf"",""sha256"":""5c891d579a5135121b4675c506240d69eed876e84ce46094a4f011bf5d70b641"",""source_url"":""https://bestexamhelp.com/exam/cambridge-igcse/physics-0625/2023/0625_w23_qp_11.pdf""}"
0625-2023-w-12,0625-2023-w-12-q40,question,0625-2023-w-12/question/q40-16-1.webp,4f48a8e88f69ff537ad690e6c2a56644267a29068aca39d7647bd3490dcc03ec,553bca167a6e48adf9ad60cad0581f36a5ee36221d969cbe575fca836e19b608,553bca167a6e48adf9ad60cad0581f36a5ee36221d969cbe575fca836e19b608,5f745633b8ba3daa73655f0ca73789d095fcce9a88a8d57a431a3d356acc3c39,True,"[0.0,208.523,595.0,790.0]","[0.0,208.523,595.0,770.506]",16,"{""copyright_notice"":""© UCLES observed"",""pages"":16,""path"":""data/raw/0625-2023-w-12-question.pdf"",""sha256"":""6f7400640dd9a89fd9c43d5a7e38985ab6d7d05cd7e034a9e4db38f7424238ff"",""source_url"":""https://bestexamhelp.com/exam/cambridge-igcse/physics-0625/2023/0625_w23_qp_12.pdf""}"
0625-2023-w-13,0625-2023-w-13-q40,question,0625-2023-w-13/question/q40-16-2.webp,743982be846806e92c41c3b8b31424b3c40b158ec49607e49c8fc50424b0aacf,6ec3d7f65e81cc112573b4939bd63ad37bfc97c595ec356521c7368d710b181e,6ec3d7f65e81cc112573b4939bd63ad37bfc97c595ec356521c7368d710b181e,2616edcdbe404068ab8ef6bfd5dbdb008e2b33d8983607f98d22c9b93eeaa7c8,True,"[0.0,48.0,595.0,790.0]","[0.0,48.0,595.0,770.506]",16,"{""copyright_notice"":""© UCLES observed"",""pages"":16,""path"":""data/raw/0625-2023-w-13-question.pdf"",""sha256"":""f5c163a736b222c5246950fbe5fe7839e45296780e0f4c9085933c7319a25830"",""source_url"":""https://bestexamhelp.com/exam/cambridge-igcse/physics-0625/2023/0625_w23_qp_13.pdf""}"
0625-2023-w-21,0625-2023-w-21-q40,question,0625-2023-w-21/question/q40-16-2.webp,c846ac799eacb8d1ee9747c4e1ef8bb7af429a01c2a21f5926e7433f2141e6fc,682f7db9acd43a16f0b00cdb9a6a81e13a0e990ad301cd93d32495db7c6ff35c,682f7db9acd43a16f0b00cdb9a6a81e13a0e990ad301cd93d32495db7c6ff35c,eaf0475d07793f1df4fd9ded1bb3ef8b986befeee7b6af921ea19134698c89a6,True,"[0.0,48.0,595.0,790.0]","[0.0,48.0,595.0,770.506]",16,"{""copyright_notice"":""© UCLES observed"",""pages"":16,""path"":""data/raw/0625-2023-w-21-question.pdf"",""sha256"":""9f7f92fc59e551d4dba1848e88b57d5f8db4aaaf892b09e0ba3822e7a823a3dc"",""source_url"":""https://bestexamhelp.com/exam/cambridge-igcse/physics-0625/2023/0625_w23_qp_21.pdf""}"
0625-2023-w-22,0625-2023-w-22-q40,question,0625-2023-w-22/question/q40-16-2.webp,c846ac799eacb8d1ee9747c4e1ef8bb7af429a01c2a21f5926e7433f2141e6fc,682f7db9acd43a16f0b00cdb9a6a81e13a0e990ad301cd93d32495db7c6ff35c,682f7db9acd43a16f0b00cdb9a6a81e13a0e990ad301cd93d32495db7c6ff35c,f0d1733f19129089c8b62278b19c3ced8facdb93af03a754f248e7593acaa7ae,True,"[0.0,48.0,595.0,790.0]","[0.0,48.0,595.0,770.506]",16,"{""copyright_notice"":""© UCLES observed"",""pages"":16,""path"":""data/raw/0625-2023-w-22-question.pdf"",""sha256"":""cfcfde4b02e9f54cbb2850b8acb55715a4849e166f66584c64e2220b4c96b9a1"",""source_url"":""https://bestexamhelp.com/exam/cambridge-igcse/physics-0625/2023/0625_w23_qp_22.pdf""}"
0625-2023-w-23,0625-2023-w-23-q40,question,0625-2023-w-23/question/q40-20-3.webp,743982be846806e92c41c3b8b31424b3c40b158ec49607e49c8fc50424b0aacf,6ec3d7f65e81cc112573b4939bd63ad37bfc97c595ec356521c7368d710b181e,6ec3d7f65e81cc112573b4939bd63ad37bfc97c595ec356521c7368d710b181e,9a2f7205e368e18cddaf27ada39763e657032093bbfd5113c71f9b40d1c0e557,True,"[0.0,48.0,595.0,790.0]","[0.0,48.0,595.0,770.506]",20,"{""copyright_notice"":""© UCLES observed"",""pages"":20,""path"":""data/raw/0625-2023-w-23-question.pdf"",""sha256"":""1bf7dfb7d116c38a0c69300b489c88c5040779873fab5603c8d9476cbca5255a"",""source_url"":""https://bestexamhelp.com/exam/cambridge-igcse/physics-0625/2023/0625_w23_qp_23.pdf""}"
0625-2024-m-12,0625-2024-m-12-q40,question,0625-2024-m-12/question/q40-16-4.webp,76ce3449cf48318b4a35ab53f22b10b00b1d0d5181fe4ab1389cc372265e662d,9d2211dbb2dcc8ca6b1205692bb36bca7eefba75c464937a01f180e588c2f356,9d2211dbb2dcc8ca6b1205692bb36bca7eefba75c464937a01f180e588c2f356,596f5af46d47fcad9c78d3e9c96432513bbd8a88a8fd7ce34940f809cc7f1de7,True,"[0.0,48.0,595.0,790.0]","[0.0,48.0,595.0,769.306]",16,"{""copyright_notice"":""© UCLES observed"",""pages"":16,""path"":""data/raw/0625-2024-m-12-question.pdf"",""sha256"":""54acd8a97aa52eea70e5b262a982c983ad6a3a645de4eb7aacfcfb05c98e168b"",""source_url"":""https://bestexamhelp.com/exam/cambridge-igcse/physics-0625/2024/0625_m24_qp_12.pdf""}"
0625-2024-m-22,0625-2024-m-22-q40,question,0625-2024-m-22/question/q40-16-1.webp,c46c04605596ff30f89b12ddf4aae4cbc10c7e37c0a482a1391e540aa10838dc,ae18d0407e3a84cca459974eeb197bcd36726cffed4deaa36b71631f040f623c,ae18d0407e3a84cca459974eeb197bcd36726cffed4deaa36b71631f040f623c,6252f3846c716b266c21ce49650b70a4e672c09c3a9ec2b9bd3f9e507ef4cd35,True,"[0.0,56.603,595.0,790.0]","[0.0,56.603,595.0,769.306]",16,"{""copyright_notice"":""© UCLES observed"",""pages"":16,""path"":""data/raw/0625-2024-m-22-question.pdf"",""sha256"":""d41da7b2d371fcb87fa6c43f0f9341b1bd4ffd1e2e4c1b8416f59cbd31be352c"",""source_url"":""https://bestexamhelp.com/exam/cambridge-igcse/physics-0625/2024/0625_m24_qp_22.pdf""}"
0625-2024-s-11,0625-2024-s-11-q40,question,0625-2024-s-11/question/q40-16-1.webp,f651a99c27f9dd1fd140415cf47169181ec4299614ada3b9bab8b53da5418384,8ac64b27eeb990a890a7994b821f266ea5d2285567bfbc323b22d01e9aea1c7f,8ac64b27eeb990a890a7994b821f266ea5d2285567bfbc323b22d01e9aea1c7f,dc669264b15058df6263863494c05c76317e13d89ac70666c90f80d3c03b1615,True,"[0.0,56.663,595.0,790.0]","[0.0,56.663,595.0,770.506]",16,"{""copyright_notice"":""© UCLES observed"",""pages"":16,""path"":""data/raw/0625-2024-s-11-question.pdf"",""sha256"":""4779076c7ba3b00de397b1cd928c6b797f67ca2c2b0e35897d65d171ea2bfb1a"",""source_url"":""https://bestexamhelp.com/exam/cambridge-igcse/physics-0625/2024/0625_s24_qp_11.pdf""}"
0625-2024-s-12,0625-2024-s-12-q40,question,0625-2024-s-12/question/q40-16-2.webp,59783d6b335f598896a8e9d76efd8d94565057089e11529125f1c611dd16fe63,20a91aa9a310a0dd683897c113e5482be02e8d45470f0ea5d4f069a49697f92f,20a91aa9a310a0dd683897c113e5482be02e8d45470f0ea5d4f069a49697f92f,9697fae7eec9c80166477555d46f7d53de35faaacf43e44747e7e4b709c542f4,True,"[0.0,48.0,595.0,790.0]","[0.0,48.0,595.0,770.506]",16,"{""copyright_notice"":""© UCLES observed"",""pages"":16,""path"":""data/raw/0625-2024-s-12-question.pdf"",""sha256"":""98e521e9d3966c9217d19c262bac0bc8b32cf6f0bff784a656dd87238ad26dad"",""source_url"":""https://bestexamhelp.com/exam/cambridge-igcse/physics-0625/2024/0625_s24_qp_12.pdf""}"
0625-2024-s-13,0625-2024-s-13-q40,question,0625-2024-s-13/question/q40-16-2.webp,c846ac799eacb8d1ee9747c4e1ef8bb7af429a01c2a21f5926e7433f2141e6fc,682f7db9acd43a16f0b00cdb9a6a81e13a0e990ad301cd93d32495db7c6ff35c,682f7db9acd43a16f0b00cdb9a6a81e13a0e990ad301cd93d32495db7c6ff35c,b9c416c5e2f9ba78128fcbe7cdced51fbe966619b4b21b4247b9d595fe661ae9,True,"[0.0,48.0,595.0,790.0]","[0.0,48.0,595.0,770.506]",16,"{""copyright_notice"":""© UCLES observed"",""pages"":16,""path"":""data/raw/0625-2024-s-13-question.pdf"",""sha256"":""89b04372857fe7e36c2d359d3b45b5e42034c8d55b146b1bfd71db3a78769599"",""source_url"":""https://bestexamhelp.com/exam/cambridge-igcse/physics-0625/2024/0625_s24_qp_13.pdf""}"
0625-2024-s-21,0625-2024-s-21-q40,question,0625-2024-s-21/question/q40-16-3.webp,ba607964a0bb1cf7004a7871f57fa00939e45236499d1d4d8a0f7b5e1fe5c105,5d34daf139f8bffd7f1df6d406de226edfc1f69746bb0d9c63c01498f981ab32,5d34daf139f8bffd7f1df6d406de226edfc1f69746bb0d9c63c01498f981ab32,b8bc0335d3866c737a6eeab9d724ed3bdfea022fe6aab602daba48ed17858ae4,True,"[0.0,48.0,595.0,790.0]","[0.0,48.0,595.0,770.502]",16,"{""copyright_notice"":""© UCLES observed"",""pages"":16,""path"":""data/raw/0625-2024-s-21-question.pdf"",""sha256"":""f0beace935cc99cf4127b5c0c4dcdedc96c9815d082501537459d8511267a623"",""source_url"":""https://bestexamhelp.com/exam/cambridge-igcse/physics-0625/2024/0625_s24_qp_21.pdf""}"
0625-2024-s-22,0625-2024-s-22-q40,question,0625-2024-s-22/question/q40-16-2.webp,c846ac799eacb8d1ee9747c4e1ef8bb7af429a01c2a21f5926e7433f2141e6fc,682f7db9acd43a16f0b00cdb9a6a81e13a0e990ad301cd93d32495db7c6ff35c,682f7db9acd43a16f0b00cdb9a6a81e13a0e990ad301cd93d32495db7c6ff35c,6f712d8863efaca5d9029bd26d9e2aa72581c1f4eb4c71bd6d47c47094190a62,True,"[0.0,48.0,595.0,790.0]","[0.0,48.0,595.0,770.506]",16,"{""copyright_notice"":""© UCLES observed"",""pages"":16,""path"":""data/raw/0625-2024-s-22-question.pdf"",""sha256"":""61e63622a9a06a85c2aa33751ae9a987b3daddc53fbaf72c1065bdafa695e477"",""source_url"":""https://bestexamhelp.com/exam/cambridge-igcse/physics-0625/2024/0625_s24_qp_22.pdf""}"
0625-2024-s-23,0625-2024-s-23-q40,question,0625-2024-s-23/question/q40-16-3.webp,c846ac799eacb8d1ee9747c4e1ef8bb7af429a01c2a21f5926e7433f2141e6fc,682f7db9acd43a16f0b00cdb9a6a81e13a0e990ad301cd93d32495db7c6ff35c,682f7db9acd43a16f0b00cdb9a6a81e13a0e990ad301cd93d32495db7c6ff35c,bc08c84f76a5c8d0329359f374241151a7b84dd464fc31755cfcced61e6b4a85,True,"[0.0,48.0,595.0,790.0]","[0.0,48.0,595.0,770.506]",16,"{""copyright_notice"":""© UCLES observed"",""pages"":16,""path"":""data/raw/0625-2024-s-23-question.pdf"",""sha256"":""be289f4c20da4189d24cb1a81c13554dcda835ee2912cc69e2e79718ddd9e77a"",""source_url"":""https://bestexamhelp.com/exam/cambridge-igcse/physics-0625/2024/0625_s24_qp_23.pdf""}"
0625-2024-w-11,0625-2024-w-11-q40,question,0625-2024-w-11/question/q40-16-1.webp,28708fb5109ed4bb90671eae39205bc8e6fd7ada7df0b298a80d37c4d8390664,4d4d1b7855c776a84de56e2d526297da90c1559b842a1defd8400eab74940695,4d4d1b7855c776a84de56e2d526297da90c1559b842a1defd8400eab74940695,d9ec3892bea5bdb17ca8e964b0d0621a3e9748d9f8ca8ae68a80dc680614c432,True,"[0.0,427.763,595.0,790.0]","[0.0,427.763,595.0,770.506]",16,"{""copyright_notice"":""© UCLES observed"",""pages"":16,""path"":""data/raw/0625-2024-w-11-question.pdf"",""sha256"":""2b7ab2e5e3e6712197264548cd7d702aa443a6c6362f2958ea5d85c1b1550920"",""source_url"":""https://bestexamhelp.com/exam/cambridge-igcse/physics-0625/2024/0625_w24_qp_11.pdf""}"
0625-2024-w-12,0625-2024-w-12-q40,question,0625-2024-w-12/question/q40-16-1.webp,fe88043194618f50ae91204921bb5700991a1fb39ccb6890efb80fc6e522ac70,dea869a5c9128277b714ea491fa6d444d4d92fbb4b214cfae1fd85352dcfb629,dea869a5c9128277b714ea491fa6d444d4d92fbb4b214cfae1fd85352dcfb629,2e627d3bead89dcc7fd04bbe16d5c99a9fdffd273b48d56dd85b4f8a9a18ced6,True,"[0.0,462.927,595.0,790.0]","[0.0,462.927,595.0,770.502]",16,"{""copyright_notice"":""© UCLES observed"",""pages"":16,""path"":""data/raw/0625-2024-w-12-question.pdf"",""sha256"":""4fc2135ea6dd96a2656f7fc775485ca5ce84fdfbf37d97ca07e768a7855e5eb5"",""source_url"":""https://bestexamhelp.com/exam/cambridge-igcse/physics-0625/2024/0625_w24_qp_12.pdf""}"
0625-2024-w-13,0625-2024-w-13-q40,question,0625-2024-w-13/question/q40-16-2.webp,ba607964a0bb1cf7004a7871f57fa00939e45236499d1d4d8a0f7b5e1fe5c105,5d34daf139f8bffd7f1df6d406de226edfc1f69746bb0d9c63c01498f981ab32,5d34daf139f8bffd7f1df6d406de226edfc1f69746bb0d9c63c01498f981ab32,ddfaa4d44480ff3e4bf03cd95a8a833c1379b6e43f023327cb9b33601d627ad5,True,"[0.0,48.0,595.0,790.0]","[0.0,48.0,595.0,770.502]",16,"{""copyright_notice"":""© UCLES observed"",""pages"":16,""path"":""data/raw/0625-2024-w-13-question.pdf"",""sha256"":""1802a31b7d2af8c88be185f5d30c82b11e53d28bfa27fbdaed19405e2523d7bc"",""source_url"":""https://bestexamhelp.com/exam/cambridge-igcse/physics-0625/2024/0625_w24_qp_13.pdf""}"
0625-2024-w-21,0625-2024-w-21-q40,question,0625-2024-w-21/question/q40-20-4.webp,4902accf4bbdf212657155f84ed5f4820b93eb2d2e0e3fa325b807535bdda0fe,f8de547d086c7f44cce48cf0dbafc7111f831f4186a418801d8e134b4aad3cee,f8de547d086c7f44cce48cf0dbafc7111f831f4186a418801d8e134b4aad3cee,73292fbb8057dcc60f6f4e89d942eb0899e11d6994cb596e6453e8994633d866,True,"[0.0,48.0,595.0,790.0]","[0.0,48.0,595.0,770.502]",20,"{""copyright_notice"":""© UCLES observed"",""pages"":20,""path"":""data/raw/0625-2024-w-21-question.pdf"",""sha256"":""9eaebe167ce97486d81c2c65aaba06ea55cc4f698c635c2974a74aacd19a512e"",""source_url"":""https://bestexamhelp.com/exam/cambridge-igcse/physics-0625/2024/0625_w24_qp_21.pdf""}"
0625-2024-w-22,0625-2024-w-22-q40,question,0625-2024-w-22/question/q40-20-3.webp,c846ac799eacb8d1ee9747c4e1ef8bb7af429a01c2a21f5926e7433f2141e6fc,682f7db9acd43a16f0b00cdb9a6a81e13a0e990ad301cd93d32495db7c6ff35c,682f7db9acd43a16f0b00cdb9a6a81e13a0e990ad301cd93d32495db7c6ff35c,6df01d75e7972a0f2ae66bb827f327ad753f6b0461d7e45b54a3398ccd8707ca,True,"[0.0,48.0,595.0,790.0]","[0.0,48.0,595.0,770.506]",20,"{""copyright_notice"":""© UCLES observed"",""pages"":20,""path"":""data/raw/0625-2024-w-22-question.pdf"",""sha256"":""55e9cceca61207134e40e81ca2403fa51f0ad950738832764803330971de8fc5"",""source_url"":""https://bestexamhelp.com/exam/cambridge-igcse/physics-0625/2024/0625_w24_qp_22.pdf""}"
0625-2024-w-23,0625-2024-w-23-q40,question,0625-2024-w-23/question/q40-20-3.webp,4902accf4bbdf212657155f84ed5f4820b93eb2d2e0e3fa325b807535bdda0fe,f8de547d086c7f44cce48cf0dbafc7111f831f4186a418801d8e134b4aad3cee,f8de547d086c7f44cce48cf0dbafc7111f831f4186a418801d8e134b4aad3cee,7b689e5141ba66c649a4aff514014fcce3d1882911a1246f21d5656fb602a8d9,True,"[0.0,48.0,595.0,790.0]","[0.0,48.0,595.0,770.502]",20,"{""copyright_notice"":""© UCLES observed"",""pages"":20,""path"":""data/raw/0625-2024-w-23-question.pdf"",""sha256"":""0ff126389d66e100a5b23054734922a520823f1d2b75f536782230b68ba967e8"",""source_url"":""https://bestexamhelp.com/exam/cambridge-igcse/physics-0625/2024/0625_w24_qp_23.pdf""}"
0625-2025-m-12,0625-2025-m-12-q40,question,0625-2025-m-12/question/q40-16-3.webp,4902accf4bbdf212657155f84ed5f4820b93eb2d2e0e3fa325b807535bdda0fe,f8de547d086c7f44cce48cf0dbafc7111f831f4186a418801d8e134b4aad3cee,f8de547d086c7f44cce48cf0dbafc7111f831f4186a418801d8e134b4aad3cee,6206dfc31203939febc72de9876d4623ca454f96545ddc2f8544bac4c60d2103,True,"[0.0,48.0,595.0,790.0]","[0.0,48.0,595.0,770.502]",16,"{""copyright_notice"":""© UCLES observed"",""pages"":16,""path"":""data/raw/0625-2025-m-12-question.pdf"",""sha256"":""f5ebf3a43fe1a91c17496b89417576bb63a6d17661f966daae8b4353b39d2d99"",""source_url"":""https://bestexamhelp.com/exam/cambridge-igcse/physics-0625/2025/0625_m25_qp_12.pdf""}"
0625-2025-m-22,0625-2025-m-22-q40,question,0625-2025-m-22/question/q40-16-1.webp,dbb903633fde716c3a241c621443123f6939644cccf2466782497609aed60170,72e24b8c4ad96b5b564809350dc7fdc4bdb3a2d8eedbf59c59bc6cc2952051aa,72e24b8c4ad96b5b564809350dc7fdc4bdb3a2d8eedbf59c59bc6cc2952051aa,63a677abb1093ed486e9aa11057f5b3f646c7748c84ad87d277adb63d1e23d0f,True,"[0.0,56.488,595.0,790.0]","[0.0,56.488,595.0,770.502]",16,"{""copyright_notice"":""© UCLES observed"",""pages"":16,""path"":""data/raw/0625-2025-m-22-question.pdf"",""sha256"":""dc58faafc6b26b59f427d58a5e799c97a8f025a60827b10182feebdaae7aa33b"",""source_url"":""https://bestexamhelp.com/exam/cambridge-igcse/physics-0625/2025/0625_m25_qp_22.pdf""}"
0625-2025-s-11,0625-2025-s-11-q40,question,0625-2025-s-11/question/q40-16-2.webp,4902accf4bbdf212657155f84ed5f4820b93eb2d2e0e3fa325b807535bdda0fe,f8de547d086c7f44cce48cf0dbafc7111f831f4186a418801d8e134b4aad3cee,f8de547d086c7f44cce48cf0dbafc7111f831f4186a418801d8e134b4aad3cee,c0f2b3251e582f0febe2c7f083406e75438c423ba25c68f686e56de1c23e9529,True,"[0.0,48.0,595.0,790.0]","[0.0,48.0,595.0,770.502]",16,"{""copyright_notice"":""© UCLES observed"",""pages"":16,""path"":""data/raw/0625-2025-s-11-question.pdf"",""sha256"":""d5659b2996854227468874b70724b0307daff249665b923ad2d208451d6362bf"",""source_url"":""https://bestexamhelp.com/exam/cambridge-igcse/physics-0625/2025/0625_s25_qp_11.pdf""}"
0625-2025-s-12,0625-2025-s-12-q40,question,0625-2025-s-12/question/q40-16-4.webp,c846ac799eacb8d1ee9747c4e1ef8bb7af429a01c2a21f5926e7433f2141e6fc,682f7db9acd43a16f0b00cdb9a6a81e13a0e990ad301cd93d32495db7c6ff35c,682f7db9acd43a16f0b00cdb9a6a81e13a0e990ad301cd93d32495db7c6ff35c,a6d79b5b430203d5185bb92b14deb2c64c3a2372ba7fe4eb1f8c5654a7c523ba,True,"[0.0,48.0,595.0,790.0]","[0.0,48.0,595.0,770.506]",16,"{""copyright_notice"":""© UCLES observed"",""pages"":16,""path"":""data/raw/0625-2025-s-12-question.pdf"",""sha256"":""fd5af613ef7596e19156869477e8fa414245460766c90eb54303ceab63cab9b6"",""source_url"":""https://bestexamhelp.com/exam/cambridge-igcse/physics-0625/2025/0625_s25_qp_12.pdf""}"
0625-2025-s-13,0625-2025-s-13-q40,question,0625-2025-s-13/question/q40-16-4.webp,4902accf4bbdf212657155f84ed5f4820b93eb2d2e0e3fa325b807535bdda0fe,f8de547d086c7f44cce48cf0dbafc7111f831f4186a418801d8e134b4aad3cee,f8de547d086c7f44cce48cf0dbafc7111f831f4186a418801d8e134b4aad3cee,1239e56cf39a60a1284801ed05388de61960884796c55d18a3093d7ca5634bb5,True,"[0.0,48.0,595.0,790.0]","[0.0,48.0,595.0,770.502]",16,"{""copyright_notice"":""© UCLES observed"",""pages"":16,""path"":""data/raw/0625-2025-s-13-question.pdf"",""sha256"":""a9b1647e732758debd3c8a492aeb1d3e465f930e807bcdf746b32854aa65a9f2"",""source_url"":""https://bestexamhelp.com/exam/cambridge-igcse/physics-0625/2025/0625_s25_qp_13.pdf""}"
0625-2025-s-21,0625-2025-s-21-q40,question,0625-2025-s-21/question/q40-16-2.webp,ba607964a0bb1cf7004a7871f57fa00939e45236499d1d4d8a0f7b5e1fe5c105,5d34daf139f8bffd7f1df6d406de226edfc1f69746bb0d9c63c01498f981ab32,5d34daf139f8bffd7f1df6d406de226edfc1f69746bb0d9c63c01498f981ab32,69f4cd67650253500cd39649c79deb0181f08288ce34b000c64b73fc0bb86dab,True,"[0.0,48.0,595.0,790.0]","[0.0,48.0,595.0,770.502]",16,"{""copyright_notice"":""© UCLES observed"",""pages"":16,""path"":""data/raw/0625-2025-s-21-question.pdf"",""sha256"":""1a9269fd55461631148613db252f9296fe602df9cfa7e829cf09b19c8750de23"",""source_url"":""https://bestexamhelp.com/exam/cambridge-igcse/physics-0625/2025/0625_s25_qp_21.pdf""}"
0625-2025-s-22,0625-2025-s-22-q40,question,0625-2025-s-22/question/q40-16-1.webp,87ff0875dc70e0fc1f46d7f7e29ac84fac632421f436bd73278b8824e3e50fb2,c61112cc9cb7ad4836effc928a0fccbe27399fe127572ea1dc8b9e8263d15273,c61112cc9cb7ad4836effc928a0fccbe27399fe127572ea1dc8b9e8263d15273,43f601a103ad9d4b3ff1b3cde7458faf77fbb525f09f566956d97e6d86f7e539,True,"[0.0,56.603,595.0,790.0]","[0.0,56.603,595.0,770.506]",16,"{""copyright_notice"":""© UCLES observed"",""pages"":16,""path"":""data/raw/0625-2025-s-22-question.pdf"",""sha256"":""b270f8c076d8bc2d0b8aec7646e1ac5c3e786d6bab259743a01f9c3df48b1b46"",""source_url"":""https://bestexamhelp.com/exam/cambridge-igcse/physics-0625/2025/0625_s25_qp_22.pdf""}"
0625-2025-s-23,0625-2025-s-23-q40,question,0625-2025-s-23/question/q40-16-3.webp,c846ac799eacb8d1ee9747c4e1ef8bb7af429a01c2a21f5926e7433f2141e6fc,682f7db9acd43a16f0b00cdb9a6a81e13a0e990ad301cd93d32495db7c6ff35c,682f7db9acd43a16f0b00cdb9a6a81e13a0e990ad301cd93d32495db7c6ff35c,64e4dbdeb881ab955b4ec158b6f7573aba2262f88ab0c5d4d37571910bcdc950,True,"[0.0,48.0,595.0,790.0]","[0.0,48.0,595.0,770.506]",16,"{""copyright_notice"":""© UCLES observed"",""pages"":16,""path"":""data/raw/0625-2025-s-23-question.pdf"",""sha256"":""94a206f0722453cebff5d141a3b755a0fac8c6ba370388a139a150882cd94916"",""source_url"":""https://bestexamhelp.com/exam/cambridge-igcse/physics-0625/2025/0625_s25_qp_23.pdf""}"
0625-2025-w-11,0625-2025-w-11-q40,question,0625-2025-w-11/question/q40-16-3.webp,4902accf4bbdf212657155f84ed5f4820b93eb2d2e0e3fa325b807535bdda0fe,f8de547d086c7f44cce48cf0dbafc7111f831f4186a418801d8e134b4aad3cee,f8de547d086c7f44cce48cf0dbafc7111f831f4186a418801d8e134b4aad3cee,6147639468eca9248787a54eebd15fd1d125469b8854d72d175a576a755470dc,True,"[0.0,48.0,595.0,790.0]","[0.0,48.0,595.0,770.502]",16,"{""copyright_notice"":""© UCLES observed"",""pages"":16,""path"":""data/raw/0625-2025-w-11-question.pdf"",""sha256"":""48f8cb792e97d541acb28785b6ed97fb21b257c2431bde47eadb0093adaa1ece"",""source_url"":""https://bestexamhelp.com/exam/cambridge-igcse/physics-0625/2025/0625_w25_qp_11.pdf""}"
0625-2025-w-12,0625-2025-w-12-q40,question,0625-2025-w-12/question/q40-16-4.webp,76ce3449cf48318b4a35ab53f22b10b00b1d0d5181fe4ab1389cc372265e662d,9d2211dbb2dcc8ca6b1205692bb36bca7eefba75c464937a01f180e588c2f356,9d2211dbb2dcc8ca6b1205692bb36bca7eefba75c464937a01f180e588c2f356,8dd6a0d4d7376293cccb96dc0d6e04d7f46c7cb0f4125e7245135df7be0ab30b,True,"[0.0,48.0,595.0,790.0]","[0.0,48.0,595.0,769.306]",16,"{""copyright_notice"":""© UCLES observed"",""pages"":16,""path"":""data/raw/0625-2025-w-12-question.pdf"",""sha256"":""018cddf8e5af6cec724051b9d555508768983a1f60c9c427f77273b8885cb758"",""source_url"":""https://bestexamhelp.com/exam/cambridge-igcse/physics-0625/2025/0625_w25_qp_12.pdf""}"
0625-2025-w-13,0625-2025-w-13-q40,question,0625-2025-w-13/question/q40-16-2.webp,c846ac799eacb8d1ee9747c4e1ef8bb7af429a01c2a21f5926e7433f2141e6fc,682f7db9acd43a16f0b00cdb9a6a81e13a0e990ad301cd93d32495db7c6ff35c,682f7db9acd43a16f0b00cdb9a6a81e13a0e990ad301cd93d32495db7c6ff35c,c8d70c7f5473f36353627232b904d9ff3fd0b793dd1a4c8e5d7abf014ed2c592,True,"[0.0,48.0,595.0,790.0]","[0.0,48.0,595.0,770.506]",16,"{""copyright_notice"":""© UCLES observed"",""pages"":16,""path"":""data/raw/0625-2025-w-13-question.pdf"",""sha256"":""3211c9cd888d335cd6d8eace58eca576bfd779a34b69d0bf488de0848e7043fc"",""source_url"":""https://bestexamhelp.com/exam/cambridge-igcse/physics-0625/2025/0625_w25_qp_13.pdf""}"
0625-2025-w-21,0625-2025-w-21-q40,question,0625-2025-w-21/question/q40-16-2.webp,4902accf4bbdf212657155f84ed5f4820b93eb2d2e0e3fa325b807535bdda0fe,f8de547d086c7f44cce48cf0dbafc7111f831f4186a418801d8e134b4aad3cee,f8de547d086c7f44cce48cf0dbafc7111f831f4186a418801d8e134b4aad3cee,c74b10cb978ebfcae019b481324e75acd9716514239308940281654140309198,True,"[0.0,48.0,595.0,790.0]","[0.0,48.0,595.0,770.502]",16,"{""copyright_notice"":""© UCLES observed"",""pages"":16,""path"":""data/raw/0625-2025-w-21-question.pdf"",""sha256"":""9b47e0fad39a0c4e34d641e42ba33cfd3fe5612893b063021d1d2dd4c9fcb9e6"",""source_url"":""https://bestexamhelp.com/exam/cambridge-igcse/physics-0625/2025/0625_w25_qp_21.pdf""}"
0625-2025-w-22,0625-2025-w-22-q40,question,0625-2025-w-22/question/q40-16-3.webp,4902accf4bbdf212657155f84ed5f4820b93eb2d2e0e3fa325b807535bdda0fe,f8de547d086c7f44cce48cf0dbafc7111f831f4186a418801d8e134b4aad3cee,f8de547d086c7f44cce48cf0dbafc7111f831f4186a418801d8e134b4aad3cee,8b30473151923b53df72d72b0ae4230423170419939d2aaf1b4ab9c609a5cfb6,True,"[0.0,48.0,595.0,790.0]","[0.0,48.0,595.0,770.502]",16,"{""copyright_notice"":""© UCLES observed"",""pages"":16,""path"":""data/raw/0625-2025-w-22-question.pdf"",""sha256"":""c277edd5082af701361eb6b5569983deec54d19247a88036ae08978063568400"",""source_url"":""https://bestexamhelp.com/exam/cambridge-igcse/physics-0625/2025/0625_w25_qp_22.pdf""}"
0625-2025-w-23,0625-2025-w-23-q40,question,0625-2025-w-23/question/q40-16-1.webp,213e6dca5bfe490c9ee9cdc590610779e0767bd2fe6684ac09ab2c071736f8d4,c29a3c1c7f3d0817a7d72843baaf5f73779dbbeec1251a6f0e9a04fefeb8cfab,c29a3c1c7f3d0817a7d72843baaf5f73779dbbeec1251a6f0e9a04fefeb8cfab,e35f8fee6f63d08c5b1c1dfc718d485357b0c156642deab1e416cdc1ca524e8c,True,"[0.0,56.488,595.0,790.0]","[0.0,56.488,595.0,769.422]",16,"{""copyright_notice"":""© UCLES observed"",""pages"":16,""path"":""data/raw/0625-2025-w-23-question.pdf"",""sha256"":""73164d8d86fac6cc8c56f619d7aa5b2d5d0f82ce1c193b507d8732597ff97217"",""source_url"":""https://bestexamhelp.com/exam/cambridge-igcse/physics-0625/2025/0625_w25_qp_23.pdf""}"
